date,ticker,open,high,low,close,volume,rsi_14,pe_ratio,market_cap_billions,return_pct
2026-01-05,NEURO,182.40,185.90,181.20,185.10,4820000,64.2,28.4,142.5,1.48
2026-01-06,NEURO,185.50,188.40,184.80,187.90,5120000,68.1,28.8,144.7,1.51
2026-01-07,NEURO,188.00,189.20,186.30,187.00,4310000,65.4,28.7,144.0,-0.48
2026-01-08,NEURO,187.20,192.50,186.90,191.80,6890000,74.2,29.4,147.7,2.57
2026-01-09,NEURO,192.00,194.80,191.10,194.20,5940000,78.5,29.8,149.5,1.25
2026-01-12,NEURO,194.50,196.20,193.00,195.40,4780000,80.1,30.0,150.4,0.62
2026-01-13,NEURO,195.00,195.80,191.40,192.10,5420000,67.8,29.5,147.9,-1.69
2026-01-14,NEURO,192.30,193.90,190.50,193.50,4210000,70.2,29.7,149.0,0.73
2026-01-15,NEURO,193.80,197.40,193.20,196.80,6120000,76.4,30.2,151.5,1.71
2026-01-16,NEURO,197.00,199.10,196.50,198.50,7230000,81.3,30.5,152.8,0.86
